{
  "required": true,
  "package": "anticope.rejects.mixin",
  "compatibilityLevel": "JAVA_21",
  "client": [
    "ClientCommonNetwokHandlerMixin",
    "ClientPlayerInteractionManagerMixin",
    "ClientPlayNetworkHandlerMixin",
    "CommandSuggestorMixin",
    "CountPlacementModifierAccessor",
    "Deadmau5FeatureRendererMixin",
    "EntityAccessor",
    "GameRendererMixin",
    "HandshakeC2SPacketAccessor",
    "HeightContextMixin",
    "HeightRangePlacementModifierAccessor",
    "LivingEntityMixin",
    "LivingEntityRendererMixin",
    "MultiplayerScreenAccessor",
    "MultiplayerScreenMixin",
    "PlayerEntityMixin",
    "PlayerMoveC2SPacketAccessor",
    "RarityFilterPlacementModifierAccessor",
    "ServerListAccessor",
    "StructureVoidBlockMixin",
    "TexturedRenderLayersMixin",
    "ToastManagerMixin",
    "VehicleMoveC2SPacketAccessor",
    "baritone.MineProcessMixin"
  ],
  "injectors": {
    "defaultRequire": 1
  },
  "refmap": "meteor-rejects-addon-refmap.json"
}